record_type,account_id,name,account_type,balance,minimum_balance,protected_amount,is_payment_account,is_available_for_transfer,updated_at,card_id,payment_account_id,payment_day,current_billing_amount,billing_date,transaction_id,occurred_at,direction,amount,description,category,counterparty_name,transaction_type,installment_months,source_reference_id,is_internal_transfer,counterparty_id,counterparty_type,is_recurring,payment_history_count,payment_history_id,expected_date,actual_date,receivable_id,status,destination_account_id,user_confirmed,source,event_id,event_type,certainty,is_essential,is_adjustable,installment_plan_id,original_amount,monthly_payment,total_months,remaining_months,next_payment_date,protected_fund_id,fund_type,release_date
ACCOUNT,account-main,생활비 결제계좌,CHECKING,800000,100000,0,true,true,2026-07-24T09:00:00+09:00,,,,,,,,,,,,,,,,,,,,,,,,,,,,,,,,,,,,,,,,,,
ACCOUNT,account-business,사업 운영계좌,CHECKING,1200000,100000,0,false,true,2026-07-24T09:00:00+09:00,,,,,,,,,,,,,,,,,,,,,,,,,,,,,,,,,,,,,,,,,,
ACCOUNT,account-tax,세금 예비계좌,SAVINGS,1000000,0,1000000,false,false,2026-07-24T09:00:00+09:00,,,,,,,,,,,,,,,,,,,,,,,,,,,,,,,,,,,,,,,,,,
CARD,,생활비 카드,,,,,,,2026-07-24T09:00:00+09:00,card-living,account-main,25,950000,2026-08-25,,,,,,,,,,,,,,,,,,,,,,,,,,,,,,,,,,,,,
CARD,,사업용 카드,,,,,,,2026-07-24T09:00:00+09:00,card-business,account-business,25,0,2026-08-25,,,,,,,,,,,,,,,,,,,,,,,,,,,,,,,,,,,,,
COUNTERPARTY,,디자인컴퍼니A,,,,,,,2026-07-24T09:00:00+09:00,,,,,,,,,,,,,,,,,client-a,CLIENT,true,6,,,,,,,,,,,,,,,,,,,,,,
COUNTERPARTY,,콘텐츠랩B,,,,,,,2026-07-24T09:00:00+09:00,,,,,,,,,,,,,,,,,client-b,CLIENT,true,4,,,,,,,,,,,,,,,,,,,,,,
COUNTERPARTY,,교육스튜디오C,,,,,,,2026-07-24T09:00:00+09:00,,,,,,,,,,,,,,,,,client-c,CLIENT,true,4,,,,,,,,,,,,,,,,,,,,,,
PAYMENT_HISTORY,,,,,,,,,,,,,,,,,,1580000,,,,,,,,client-a,,,,payment-a-01,2026-02-08,2026-02-08,,,,,,,,,,,,,,,,,,,
PAYMENT_HISTORY,,,,,,,,,,,,,,,,,,1640000,,,,,,,,client-a,,,,payment-a-02,2026-03-08,2026-03-09,,,,,,,,,,,,,,,,,,,
PAYMENT_HISTORY,,,,,,,,,,,,,,,,,,1530000,,,,,,,,client-a,,,,payment-a-03,2026-04-08,2026-04-11,,,,,,,,,,,,,,,,,,,
PAYMENT_HISTORY,,,,,,,,,,,,,,,,,,1710000,,,,,,,,client-a,,,,payment-a-04,2026-05-08,2026-05-10,,,,,,,,,,,,,,,,,,,
PAYMENT_HISTORY,,,,,,,,,,,,,,,,,,1620000,,,,,,,,client-a,,,,payment-a-05,2026-06-08,2026-06-12,,,,,,,,,,,,,,,,,,,
PAYMENT_HISTORY,,,,,,,,,,,,,,,,,,1690000,,,,,,,,client-a,,,,payment-a-06,2026-07-08,2026-07-10,,,,,,,,,,,,,,,,,,,
PAYMENT_HISTORY,,,,,,,,,,,,,,,,,,900000,,,,,,,,client-b,,,,payment-b-01,2026-04-10,2026-04-10,,,,,,,,,,,,,,,,,,,
PAYMENT_HISTORY,,,,,,,,,,,,,,,,,,900000,,,,,,,,client-b,,,,payment-b-02,2026-05-10,2026-05-13,,,,,,,,,,,,,,,,,,,
PAYMENT_HISTORY,,,,,,,,,,,,,,,,,,900000,,,,,,,,client-b,,,,payment-b-03,2026-06-10,2026-06-16,,,,,,,,,,,,,,,,,,,
PAYMENT_HISTORY,,,,,,,,,,,,,,,,,,900000,,,,,,,,client-b,,,,payment-b-04,2026-07-10,2026-07-24,,,,,,,,,,,,,,,,,,,
PAYMENT_HISTORY,,,,,,,,,,,,,,,,,,200000,,,,,,,,client-c,,,,payment-c-01,2026-04-20,2026-04-20,,,,,,,,,,,,,,,,,,,
PAYMENT_HISTORY,,,,,,,,,,,,,,,,,,200000,,,,,,,,client-c,,,,payment-c-02,2026-05-20,2026-05-21,,,,,,,,,,,,,,,,,,,
PAYMENT_HISTORY,,,,,,,,,,,,,,,,,,200000,,,,,,,,client-c,,,,payment-c-03,2026-06-20,2026-06-22,,,,,,,,,,,,,,,,,,,
PAYMENT_HISTORY,,,,,,,,,,,,,,,,,,200000,,,,,,,,client-c,,,,payment-c-04,2026-07-20,2026-07-23,,,,,,,,,,,,,,,,,,,
TRANSACTION,account-business,,,,,,,,,,,,,,txn-income-a-01,2026-02-08T14:00:00+09:00,INFLOW,1580000,브랜드 디자인 2월 대금,PROJECT_INCOME,디자인컴퍼니A,INCOME,,invoice-a-01,false,,,,,,,,,,,,,,,,,,,,,,,,,,
TRANSACTION,account-business,,,,,,,,,,,,,,txn-income-a-02,2026-03-09T14:00:00+09:00,INFLOW,1640000,브랜드 디자인 3월 대금,PROJECT_INCOME,디자인컴퍼니A,INCOME,,invoice-a-02,false,,,,,,,,,,,,,,,,,,,,,,,,,,
TRANSACTION,account-business,,,,,,,,,,,,,,txn-income-a-03,2026-04-11T14:00:00+09:00,INFLOW,1530000,브랜드 디자인 4월 대금,PROJECT_INCOME,디자인컴퍼니A,INCOME,,invoice-a-03,false,,,,,,,,,,,,,,,,,,,,,,,,,,
TRANSACTION,account-business,,,,,,,,,,,,,,txn-income-a-04,2026-05-10T14:00:00+09:00,INFLOW,1710000,브랜드 디자인 5월 대금,PROJECT_INCOME,디자인컴퍼니A,INCOME,,invoice-a-04,false,,,,,,,,,,,,,,,,,,,,,,,,,,
TRANSACTION,account-business,,,,,,,,,,,,,,txn-income-a-05,2026-06-12T14:00:00+09:00,INFLOW,1620000,브랜드 디자인 6월 대금,PROJECT_INCOME,디자인컴퍼니A,INCOME,,invoice-a-05,false,,,,,,,,,,,,,,,,,,,,,,,,,,
TRANSACTION,account-business,,,,,,,,,,,,,,txn-income-a-06,2026-07-10T14:00:00+09:00,INFLOW,1690000,브랜드 디자인 7월 대금,PROJECT_INCOME,디자인컴퍼니A,INCOME,,invoice-a-06,false,,,,,,,,,,,,,,,,,,,,,,,,,,
TRANSACTION,account-business,,,,,,,,,,,,,,txn-income-b-01,2026-04-10T15:00:00+09:00,INFLOW,900000,콘텐츠 제작 1차 대금,PROJECT_INCOME,콘텐츠랩B,INCOME,,invoice-b-01,false,,,,,,,,,,,,,,,,,,,,,,,,,,
TRANSACTION,account-business,,,,,,,,,,,,,,txn-income-b-02,2026-05-13T15:00:00+09:00,INFLOW,900000,콘텐츠 제작 2차 대금,PROJECT_INCOME,콘텐츠랩B,INCOME,,invoice-b-02,false,,,,,,,,,,,,,,,,,,,,,,,,,,
TRANSACTION,account-business,,,,,,,,,,,,,,txn-income-b-03,2026-06-16T15:00:00+09:00,INFLOW,900000,콘텐츠 제작 3차 대금,PROJECT_INCOME,콘텐츠랩B,INCOME,,invoice-b-03,false,,,,,,,,,,,,,,,,,,,,,,,,,,
TRANSACTION,account-business,,,,,,,,,,,,,,txn-income-b-04,2026-07-24T15:00:00+09:00,INFLOW,900000,콘텐츠 제작 4차 대금,PROJECT_INCOME,콘텐츠랩B,INCOME,,invoice-b-04,false,,,,,,,,,,,,,,,,,,,,,,,,,,
TRANSACTION,account-business,,,,,,,,,,,,,,txn-rent-01,2026-02-05T08:00:00+09:00,OUTFLOW,500000,2월 작업실 월세,RENT,작업실임대,OTHER,,,false,,,,,,,,,,,,,,,,,,,,,,,,,,
TRANSACTION,account-business,,,,,,,,,,,,,,txn-rent-02,2026-03-05T08:00:00+09:00,OUTFLOW,500000,3월 작업실 월세,RENT,작업실임대,OTHER,,,false,,,,,,,,,,,,,,,,,,,,,,,,,,
TRANSACTION,account-business,,,,,,,,,,,,,,txn-rent-03,2026-04-05T08:00:00+09:00,OUTFLOW,500000,4월 작업실 월세,RENT,작업실임대,OTHER,,,false,,,,,,,,,,,,,,,,,,,,,,,,,,
TRANSACTION,account-business,,,,,,,,,,,,,,txn-rent-04,2026-05-05T08:00:00+09:00,OUTFLOW,500000,5월 작업실 월세,RENT,작업실임대,OTHER,,,false,,,,,,,,,,,,,,,,,,,,,,,,,,
TRANSACTION,account-business,,,,,,,,,,,,,,txn-rent-05,2026-06-05T08:00:00+09:00,OUTFLOW,500000,6월 작업실 월세,RENT,작업실임대,OTHER,,,false,,,,,,,,,,,,,,,,,,,,,,,,,,
TRANSACTION,account-business,,,,,,,,,,,,,,txn-rent-06,2026-07-05T08:00:00+09:00,OUTFLOW,500000,7월 작업실 월세,RENT,작업실임대,OTHER,,,false,,,,,,,,,,,,,,,,,,,,,,,,,,
TRANSACTION,account-business,,,,,,,,,card-business,,,,,txn-subscription-01,2026-02-12T10:00:00+09:00,OUTFLOW,33000,디자인 도구 구독,SUBSCRIPTION,크리에이티브툴,PURCHASE,,,false,,,,,,,,,,,,,,,,,,,,,,,,,,
TRANSACTION,account-business,,,,,,,,,card-business,,,,,txn-subscription-02,2026-03-12T10:00:00+09:00,OUTFLOW,33000,디자인 도구 구독,SUBSCRIPTION,크리에이티브툴,PURCHASE,,,false,,,,,,,,,,,,,,,,,,,,,,,,,,
TRANSACTION,account-business,,,,,,,,,card-business,,,,,txn-subscription-03,2026-04-12T10:00:00+09:00,OUTFLOW,33000,디자인 도구 구독,SUBSCRIPTION,크리에이티브툴,PURCHASE,,,false,,,,,,,,,,,,,,,,,,,,,,,,,,
TRANSACTION,account-business,,,,,,,,,card-business,,,,,txn-subscription-04,2026-05-12T10:00:00+09:00,OUTFLOW,33000,디자인 도구 구독,SUBSCRIPTION,크리에이티브툴,PURCHASE,,,false,,,,,,,,,,,,,,,,,,,,,,,,,,
TRANSACTION,account-business,,,,,,,,,card-business,,,,,txn-subscription-05,2026-06-12T10:00:00+09:00,OUTFLOW,33000,디자인 도구 구독,SUBSCRIPTION,크리에이티브툴,PURCHASE,,,false,,,,,,,,,,,,,,,,,,,,,,,,,,
TRANSACTION,account-business,,,,,,,,,card-business,,,,,txn-subscription-06,2026-07-12T10:00:00+09:00,OUTFLOW,33000,디자인 도구 구독,SUBSCRIPTION,크리에이티브툴,PURCHASE,,,false,,,,,,,,,,,,,,,,,,,,,,,,,,
TRANSACTION,account-business,,,,,,,,,card-business,,,,,txn-camera-purchase,2026-05-15T13:00:00+09:00,OUTFLOW,1500000,업무용 카메라 구매,EQUIPMENT,카메라스토어,PURCHASE,6,purchase-camera-001,false,,,,,,,,,,,,,,,,,,,,,,,,,,
RECEIVABLE,,,,,,,,,2026-07-24T09:00:00+09:00,,,,,,,,,900000,,,,,,,,client-b,,,,,2026-08-20,,receivable-b-next,ESTIMATED,account-business,true,CSV,,,,,,,,,,,,,,
RECEIVABLE,,,,,,,,,2026-07-24T09:00:00+09:00,,,,,,,,,200000,,,,,,,,client-c,,,,,2026-08-20,,receivable-c-next,ESTIMATED,account-main,true,CSV,,,,,,,,,,,,,,
SCHEDULED_EVENT,account-business,,,,,,,,,,,,,,,,OUTFLOW,500000,,,,,,rent-202608,,,,,,,2026-08-31,,,,,,CSV,event-rent-aug,RENT,CONFIRMED,true,false,,,,,,,,,
SCHEDULED_EVENT,account-business,,,,,,,,,,,,,,,,OUTFLOW,100000,,,,,,insurance-202609,,,,,,,2026-09-05,,,,,,CSV,event-insurance-sep,INSURANCE,CONFIRMED,true,false,,,,,,,,,
INSTALLMENT_PLAN,,,,,,,,,,card-business,,,,,,,,,,,,,,,,,,,,,,,,ACTIVE,,,,,,,,,installment-camera,1500000,250000,6,4,2026-08-25,,,
PROTECTED_FUND,account-tax,,,,,,,,,,,,,,,,,1000000,,,,,,,,,,,,,,,,,,true,,,,,,,,,,,,,protected-tax,TAX_RESERVE,
